# Upstream support status of Kryptik's pinned release series, read by tools/check-support-status.sh.
# Each row says where and when it was read: an unsourced, undated support date rots unseen.
# Whitespace-separated; the note runs to the end of the line.
#
#   package       source name, as in sources.lock and tools/fetch-sources.sh
#   config_var    the pin in build/config/versions.env
#   series        the release series this row describes, or * for any series
#   status        supported | security-only | none-published | delegated
#   support_ends  YYYY-MM-DD, YYYY-MM when upstream gives only a month, or - for a tier
#   policy_url    the upstream page this row was read from
#   retrieved     the date it was read
#   note          free text
#
#   supported       until support_ends; a tier with no date (perl's) never expires, so the note names it
#   security-only   security fixes only: a warning, the last stop before end of life
#   none-published  upstream publishes no support window; NOT a claim that the pin is current
#   delegated       established by the tool the note names, which --strict requires to exist
#
# A pinned series with no row fails --strict.
# Take each row from upstream's own page, never a distribution's tracker or an end-of-life aggregator.

# package  config_var   series  status          support_ends  policy_url                                            retrieved   note
openssl    V_OPENSSL    3.0     supported       2026-09-07    https://openssl-library.org/policies/releasestrat/    2026-09-11  LTS
openssl    V_OPENSSL    3.2     supported       2025-11-23    https://openssl-library.org/policies/releasestrat/    2026-09-11  -
openssl    V_OPENSSL    3.3     supported       2026-04-09    https://openssl-library.org/policies/releasestrat/    2026-09-11  -
openssl    V_OPENSSL    3.4     supported       2026-10-22    https://openssl-library.org/policies/releasestrat/    2026-09-11  -
openssl    V_OPENSSL    3.5     supported       2030-04-08    https://openssl-library.org/policies/releasestrat/    2026-09-11  LTS
openssl    V_OPENSSL    3.6     supported       2026-11-01    https://openssl-library.org/policies/releasestrat/    2026-09-11  -
openssl    V_OPENSSL    4.0     supported       2027-05-14    https://openssl-library.org/policies/releasestrat/    2026-09-11  -
python     V_PYTHON     3.11    security-only   2027-10       https://devguide.python.org/versions/                 2026-09-11  PEP 664 branch, security-fix phase
python     V_PYTHON     3.12    security-only   2028-10       https://devguide.python.org/versions/                 2026-09-11  PEP 693 branch, security-fix phase since 2025-04
perl       V_PERL       5.40    security-only   -             https://perldoc.perl.org/perlpolicy                   2026-09-11  perlpolicy: security fixes only
perl       V_PERL       5.42    supported       -             https://perldoc.perl.org/perlpolicy                   2026-09-11  perlpolicy: full support, previous stable
perl       V_PERL       5.44    supported       -             https://perldoc.perl.org/perlpolicy                   2026-09-11  perlpolicy: full support, current stable
expat      V_EXPAT      *       none-published  -             https://github.com/libexpat/libexpat/blob/master/SECURITY.md  2026-09-11  volunteer project on a reasonable-effort basis; no version-based support window
linux      V_LINUX      *       delegated       -             https://www.kernel.org/releases.json                  2026-09-11  tools/check-kernel-eol.sh queries releases.json live
